{
  "summary": {
    "tag": "baseline",
    "num_queries": 454,
    "failures": 0,
    "precision@1": 0.6607929515418502,
    "precision@3": 0.55359765051395,
    "precision@5": 0.4995594713656388,
    "precision@10": 0.4266519823788546,
    "recall@10": 0.47597398181250306,
    "mrr": 0.7479436869414672,
    "ndcg@10": 0.6168867964628677,
    "avg_latency_ms": 68.32485374100177,
    "p95_latency_ms": 88.05687004933132,
    "unique_assessments_retrieved": 366,
    "total_assessments": 377,
    "coverage_pct": 97.1
  },
  "cat_summary": {
    "backend": {
      "count": 15,
      "precision@1": 0.26666666666666666,
      "precision@3": 0.17777777777777778,
      "precision@5": 0.16000000000000003,
      "recall@10": 0.27272727272727265,
      "mrr": 0.4184126984126984
    },
    "cloud": {
      "count": 27,
      "precision@1": 0.9259259259259259,
      "precision@3": 0.5308641975308642,
      "precision@5": 0.43703703703703706,
      "recall@10": 0.6795414462081129,
      "mrr": 0.9398148148148148
    },
    "cognitive": {
      "count": 32,
      "precision@1": 0.875,
      "precision@3": 0.78125,
      "precision@5": 0.7625,
      "recall@10": 0.2041015625,
      "mrr": 0.9125
    },
    "customer_service": {
      "count": 13,
      "precision@1": 0.7692307692307693,
      "precision@3": 0.7948717948717949,
      "precision@5": 0.6461538461538462,
      "recall@10": 0.6153846153846154,
      "mrr": 0.8846153846153846
    },
    "cybersecurity": {
      "count": 18,
      "precision@1": 0.7777777777777778,
      "precision@3": 0.5185185185185185,
      "precision@5": 0.32222222222222224,
      "recall@10": 0.8888888888888888,
      "mrr": 0.8227513227513227
    },
    "data_science": {
      "count": 21,
      "precision@1": 0.5238095238095238,
      "precision@3": 0.6825396825396824,
      "precision@5": 0.49523809523809514,
      "recall@10": 0.7142857142857143,
      "mrr": 0.7043650793650793
    },
    "devops": {
      "count": 19,
      "precision@1": 0.3684210526315789,
      "precision@3": 0.24561403508771926,
      "precision@5": 0.18947368421052632,
      "recall@10": 0.4736842105263157,
      "mrr": 0.49637825624667736
    },
    "entry_level": {
      "count": 16,
      "precision@1": 0.3125,
      "precision@3": 0.4166666666666667,
      "precision@5": 0.4625,
      "recall@10": 0.04057017543859649,
      "mrr": 0.5693910256410257
    },
    "finance": {
      "count": 15,
      "precision@1": 0.5333333333333333,
      "precision@3": 0.3111111111111111,
      "precision@5": 0.22666666666666668,
      "recall@10": 0.7,
      "mrr": 0.6050793650793651
    },
    "frontend": {
      "count": 20,
      "precision@1": 0.65,
      "precision@3": 0.3166666666666666,
      "precision@5": 0.2700000000000001,
      "recall@10": 0.42142857142857143,
      "mrr": 0.7337499999999999
    },
    "graduate": {
      "count": 22,
      "precision@1": 0.7727272727272727,
      "precision@3": 0.6818181818181818,
      "precision@5": 0.6545454545454545,
      "recall@10": 0.0461038961038961,
      "mrr": 0.8674242424242423
    },
    "java": {
      "count": 22,
      "precision@1": 0.8181818181818182,
      "precision@3": 0.9242424242424242,
      "precision@5": 0.9454545454545454,
      "recall@10": 0.9747474747474748,
      "mrr": 0.9090909090909091
    },
    "leadership": {
      "count": 23,
      "precision@1": 0.6956521739130435,
      "precision@3": 0.6666666666666667,
      "precision@5": 0.5217391304347826,
      "recall@10": 0.25,
      "mrr": 0.75
    },
    "management": {
      "count": 43,
      "precision@1": 0.37209302325581395,
      "precision@3": 0.27906976744186046,
      "precision@5": 0.2511627906976744,
      "recall@10": 0.4539313399778516,
      "mrr": 0.5095580751837502
    },
    "mobile": {
      "count": 13,
      "precision@1": 0.38461538461538464,
      "precision@3": 0.20512820512820515,
      "precision@5": 0.2,
      "recall@10": 0.10897435897435898,
      "mrr": 0.5188977688977688
    },
    "personality": {
      "count": 24,
      "precision@1": 0.75,
      "precision@3": 0.7222222222222223,
      "precision@5": 0.75,
      "recall@10": 0.10968379446640315,
      "mrr": 0.8099206349206348
    },
    "python": {
      "count": 35,
      "precision@1": 0.8,
      "precision@3": 0.3619047619047619,
      "precision@5": 0.2571428571428571,
      "recall@10": 0.8138188608776844,
      "mrr": 0.7943546649429003
    },
    "sales": {
      "count": 17,
      "precision@1": 0.8823529411764706,
      "precision@3": 0.9215686274509803,
      "precision@5": 0.9176470588235294,
      "recall@10": 0.5259515570934256,
      "mrr": 0.9117647058823529
    },
    "simulation": {
      "count": 15,
      "precision@1": 0.8666666666666667,
      "precision@3": 0.9111111111111111,
      "precision@5": 0.88,
      "recall@10": 0.20620155038759688,
      "mrr": 0.9166666666666666
    },
    "software_engineering": {
      "count": 4,
      "precision@1": 0.75,
      "precision@3": 0.5,
      "precision@5": 0.39999999999999997,
      "recall@10": 0.1875,
      "mrr": 0.8125
    },
    "sql": {
      "count": 21,
      "precision@1": 0.9047619047619048,
      "precision@3": 0.9206349206349206,
      "precision@5": 0.9047619047619048,
      "recall@10": 0.9226190476190477,
      "mrr": 0.9523809523809523
    },
    "testing": {
      "count": 19,
      "precision@1": 0.3684210526315789,
      "precision@3": 0.3684210526315789,
      "precision@5": 0.3578947368421053,
      "recall@10": 0.375,
      "mrr": 0.5574162679425838
    }
  },
  "failures": []
}