{
  "summary": {
    "tag": "improved",
    "num_queries": 454,
    "precision@1": 0.7669902912621359,
    "precision@3": 0.622977346278317,
    "precision@5": 0.566990291262136,
    "precision@10": 0.47912621359223295,
    "recall@10": 0.5830057619972782,
    "mrr": 0.8164695673797616,
    "ndcg@10": 0.7163459667451291,
    "avg_latency_ms": 126.99959902951801,
    "p95_latency_ms": 225.46990012051538,
    "unique_assessments_retrieved": 272,
    "total_assessments": 377,
    "coverage_pct": 72.1
  },
  "cat_summary": {
    "backend": {
      "count": 15,
      "precision@1": 1.0,
      "precision@3": 0.6666666666666667,
      "precision@5": 0.5200000000000001,
      "recall@10": 0.5363636363636364,
      "mrr": 1.0
    },
    "cloud": {
      "count": 27,
      "precision@1": 0.7857142857142857,
      "precision@3": 0.7619047619047619,
      "precision@5": 0.6428571428571429,
      "recall@10": 0.6833333333333333,
      "mrr": 0.8928571428571429
    },
    "cognitive": {
      "count": 32,
      "precision@1": NaN,
      "precision@3": NaN,
      "precision@5": NaN,
      "recall@10": NaN,
      "mrr": NaN
    },
    "customer_service": {
      "count": 13,
      "precision@1": 1.0,
      "precision@3": 0.3333333333333333,
      "precision@5": 0.6,
      "recall@10": 0.75,
      "mrr": 1.0
    },
    "cybersecurity": {
      "count": 18,
      "precision@1": 0.75,
      "precision@3": 0.5,
      "precision@5": 0.30000000000000004,
      "recall@10": 0.75,
      "mrr": 0.75
    },
    "data_science": {
      "count": 21,
      "precision@1": 0.7,
      "precision@3": 0.7,
      "precision@5": 0.45999999999999996,
      "recall@10": 0.675,
      "mrr": 0.73125
    },
    "devops": {
      "count": 19,
      "precision@1": 1.0,
      "precision@3": 0.5238095238095238,
      "precision@5": 0.34285714285714286,
      "recall@10": 0.8095238095238095,
      "mrr": 1.0
    },
    "entry_level": {
      "count": 16,
      "precision@1": 1.0,
      "precision@3": 1.0,
      "precision@5": 1.0,
      "recall@10": 0.08479532163742691,
      "mrr": 1.0
    },
    "finance": {
      "count": 15,
      "precision@1": 0.0,
      "precision@3": 0.0,
      "precision@5": 0.0,
      "recall@10": 0.0,
      "mrr": 0.0
    },
    "frontend": {
      "count": 20,
      "precision@1": 0.7333333333333333,
      "precision@3": 0.5111111111111112,
      "precision@5": 0.4533333333333333,
      "recall@10": 0.5904761904761905,
      "mrr": 0.8148148148148148
    },
    "graduate": {
      "count": 22,
      "precision@1": 0.7619047619047619,
      "precision@3": 0.7777777777777779,
      "precision@5": 0.7333333333333333,
      "recall@10": 0.054081632653061214,
      "mrr": 0.8639455782312925
    },
    "java": {
      "count": 22,
      "precision@1": 0.9090909090909091,
      "precision@3": 0.9393939393939393,
      "precision@5": 0.9181818181818181,
      "recall@10": 0.9343434343434344,
      "mrr": 0.9545454545454546
    },
    "leadership": {
      "count": 23,
      "precision@1": 0.0,
      "precision@3": 0.0,
      "precision@5": 0.20000000000000007,
      "recall@10": 0.1875,
      "mrr": 0.20000000000000007
    },
    "management": {
      "count": 43,
      "precision@1": 1.0,
      "precision@3": 0.4666666666666666,
      "precision@5": 0.36000000000000004,
      "recall@10": 0.7971428571428572,
      "mrr": 1.0
    },
    "mobile": {
      "count": 13,
      "precision@1": 0.4,
      "precision@3": 0.3333333333333333,
      "precision@5": 0.2,
      "recall@10": 0.08333333333333333,
      "mrr": 0.5265151515151516
    },
    "personality": {
      "count": 24,
      "precision@1": NaN,
      "precision@3": NaN,
      "precision@5": NaN,
      "recall@10": NaN,
      "mrr": NaN
    },
    "python": {
      "count": 35,
      "precision@1": 0.9,
      "precision@3": 0.4000000000000001,
      "precision@5": 0.3133333333333333,
      "recall@10": 0.8932461873638344,
      "mrr": 0.8583333333333333
    },
    "sales": {
      "count": 17,
      "precision@1": 1.0,
      "precision@3": 0.8333333333333333,
      "precision@5": 0.7,
      "recall@10": 0.35294117647058826,
      "mrr": 1.0
    },
    "simulation": {
      "count": 15,
      "precision@1": 0.0,
      "precision@3": 0.0,
      "precision@5": 0.0,
      "recall@10": 0.0,
      "mrr": 0.0
    },
    "software_engineering": {
      "count": 4,
      "precision@1": 0.0,
      "precision@3": 0.6666666666666666,
      "precision@5": 0.6,
      "recall@10": 0.3333333333333333,
      "mrr": 0.5
    },
    "sql": {
      "count": 21,
      "precision@1": 1.0,
      "precision@3": 1.0,
      "precision@5": 1.0,
      "recall@10": 0.993421052631579,
      "mrr": 1.0
    },
    "testing": {
      "count": 19,
      "precision@1": 0.5,
      "precision@3": 0.5,
      "precision@5": 0.5,
      "recall@10": 0.375,
      "mrr": 0.5
    }
  }
}